,Timestamp,Open,High,Low,Close,Volume
0,2023-09-25 01:00:00,370.44,372.6,369.51,371.46,946343.0
1,2023-09-26 01:00:00,366.18,368.615,363.24,364.07,1852911.0
2,2023-09-27 01:00:00,365.13,365.59,360.91,363.06,1437559.0
3,2023-09-28 01:00:00,363.06,370.32,362.83,368.53,1907251.0
4,2023-09-29 01:00:00,371.51,374.69,364.57,365.41,1142314.0
5,2023-10-02 01:00:00,367.26,372.01,364.59,366.72,1568553.0
6,2023-10-03 01:00:00,364.18,365.675,355.0,356.42,1027023.0
7,2023-10-04 01:00:00,357.91,362.58,356.84,362.28,1069629.0
8,2023-10-05 01:00:00,361.13,362.425,357.455,361.28,714285.0
9,2023-10-06 01:00:00,359.66,366.1725,357.555,364.06,880437.0
10,2023-10-09 01:00:00,361.98,367.28,361.98,366.47,638601.0
11,2023-10-10 01:00:00,366.0,372.43,365.26,369.58,889932.0
12,2023-10-11 01:00:00,371.93,374.045,369.22,371.9,611392.0
13,2023-10-12 01:00:00,372.84,373.39,363.875,365.82,861227.0
14,2023-10-13 01:00:00,366.51,368.4799,360.54,363.71,661951.0
15,2023-10-16 01:00:00,366.38,371.63,364.98,367.54,826735.0
16,2023-10-17 01:00:00,364.72,371.645,362.845,367.31,728081.0
17,2023-10-18 01:00:00,364.24,365.75,359.695,359.9,975919.0
18,2023-10-19 01:00:00,360.78,362.38,356.05,357.56,899885.0
19,2023-10-20 01:00:00,357.42,357.42,349.89,350.03,2062604.0
20,2023-10-23 01:00:00,347.9,354.6646,346.11,350.2,1128590.0
21,2023-10-24 01:00:00,350.25,353.91,345.1,347.94,1548484.0
22,2023-10-25 01:00:00,346.62,353.57,345.91,349.13,1113341.0
23,2023-10-26 01:00:00,347.74,352.86,347.44,348.26,946222.0
24,2023-10-27 01:00:00,348.5,349.99,340.61,342.48,1160918.0
25,2023-10-30 01:00:00,344.8,346.83,340.49,345.07,1546494.0
26,2023-10-31 01:00:00,345.49,349.41,342.935,349.31,1748140.0
27,2023-11-01 01:00:00,350.53,353.275,347.0,351.4,1411913.0
28,2023-11-02 01:00:00,365.0,379.82,365.0,375.92,3046535.0
29,2023-11-03 01:00:00,381.41,385.53,380.0525,382.9,1888475.0
30,2023-11-06 02:00:00,382.21,385.31,381.33,384.65,1209317.0
31,2023-11-07 02:00:00,385.75,388.0,383.67,384.57,908868.0
32,2023-11-08 02:00:00,383.48,386.74,382.12,386.38,781753.0
33,2023-11-09 02:00:00,389.63,390.49,385.375,387.68,1200164.0
34,2023-11-10 02:00:00,389.75,394.1,387.055,393.97,1201242.0
35,2023-11-13 02:00:00,394.42,396.02,392.69,394.81,1164928.0
36,2023-11-14 02:00:00,399.64,406.43,398.725,403.91,1674047.0
37,2023-11-15 02:00:00,403.91,407.34,401.58,402.06,1243629.0
38,2023-11-16 02:00:00,404.43,405.6,403.21,403.98,1062353.0
39,2023-11-17 02:00:00,403.5,408.42,401.79,408.12,1647151.0
40,2023-11-20 02:00:00,407.58,413.205,407.53,411.54,1510396.0
41,2023-11-21 02:00:00,411.03,413.88,410.94,413.76,1059374.0
42,2023-11-22 02:00:00,415.29,417.78,413.88,415.1,977581.0
43,2023-11-24 02:00:00,416.02,416.02,412.76,415.1,404177.0
44,2023-11-27 02:00:00,412.41,414.01,410.385,412.25,1326868.0
45,2023-11-28 02:00:00,411.0,417.74,410.012,412.98,1134373.0
46,2023-11-29 02:00:00,414.53,418.34,413.745,414.64,946829.0
47,2023-11-30 02:00:00,413.13,416.12,412.11,415.83,1665998.0
48,2023-12-01 02:00:00,417.0,424.98,416.01,422.0,1974460.0
49,2023-12-04 02:00:00,419.55,425.595,418.03,424.19,1513456.0
50,2023-12-05 02:00:00,426.1,426.15,419.7072,423.15,1661170.0
51,2023-12-06 02:00:00,423.0,425.0,418.38,418.66,1475605.0
52,2023-12-07 02:00:00,419.5,419.93,416.6,417.38,1242981.0
53,2023-12-08 02:00:00,415.64,418.85,413.17,415.38,1651506.0
54,2023-12-11 02:00:00,416.12,424.13,415.98,423.75,1380166.0
55,2023-12-12 02:00:00,423.49,427.15,422.33,426.81,1095900.0
56,2023-12-13 02:00:00,428.9,435.99,427.37,435.26,1204913.0
57,2023-12-14 02:00:00,440.0,441.665,435.8,437.78,1320888.0
58,2023-12-15 02:00:00,432.59,437.35,432.56,435.78,2389754.0
59,2023-12-18 02:00:00,435.97,439.33,435.15,436.41,899835.0
60,2023-12-19 02:00:00,435.16,439.822,434.5,436.66,1181906.0
61,2023-12-20 02:00:00,436.7,437.46,427.57,427.83,1553620.0
62,2023-12-21 02:00:00,429.05,433.08,429.05,432.69,817512.0
63,2023-12-22 02:00:00,435.13,436.8599,432.6201,434.84,698506.0
64,2023-12-26 02:00:00,434.51,438.63,434.51,436.23,535084.0
65,2023-12-27 02:00:00,435.29,440.29,434.0,440.0,821163.0
66,2023-12-28 02:00:00,439.66,443.47,439.02,441.84,679008.0
67,2023-12-29 02:00:00,441.84,443.72,439.14,440.52,884265.0
68,2024-01-02 02:00:00,439.27,440.5,433.76,436.39,1080696.0
69,2024-01-03 02:00:00,433.41,434.6,429.08,429.86,936504.0
70,2024-01-04 02:00:00,430.65,433.65,429.02,429.67,1052095.0
71,2024-01-05 02:00:00,428.86,431.38,425.77,427.93,921255.0
72,2024-01-08 02:00:00,430.65,432.39,427.58,432.17,1193128.0
73,2024-01-09 02:00:00,428.29,432.88,428.29,430.17,706165.0
74,2024-01-10 02:00:00,431.75,434.95,429.6457,433.13,1002459.0
75,2024-01-11 02:00:00,434.17,435.62,430.22,434.19,1328831.0
76,2024-01-12 02:00:00,437.47,439.3,434.14,437.0,842762.0
77,2024-01-16 02:00:00,433.44,438.22,432.87,436.55,1127790.0
78,2024-01-17 02:00:00,433.84,439.49,433.46,437.73,1041200.0
79,2024-01-18 02:00:00,439.48,441.16,435.63,439.6,1204064.0
80,2024-01-19 02:00:00,441.23,443.46,439.03,441.95,1172464.0
81,2024-01-22 02:00:00,444.72,446.205,442.84,444.46,1024955.0
82,2024-01-23 02:00:00,446.57,447.0,443.015,446.49,816579.0
83,2024-01-24 02:00:00,448.41,450.3155,445.2,445.9,892466.0
84,2024-01-25 02:00:00,447.36,449.57,443.615,449.34,1071063.0
85,2024-01-26 02:00:00,448.93,449.44,445.42,446.6,787676.0
86,2024-01-29 02:00:00,447.93,450.62,444.96,449.81,1073652.0
87,2024-01-30 02:00:00,450.19,455.325,448.5,454.56,1098820.0
88,2024-01-31 02:00:00,455.01,457.19,447.96,448.35,1820054.0
89,2024-02-01 02:00:00,448.35,457.458,447.725,457.22,1078073.0
90,2024-02-02 02:00:00,455.0,456.73,448.18,454.05,1553016.0
91,2024-02-05 02:00:00,450.0,453.02,445.67,451.54,1247389.0
92,2024-02-06 02:00:00,451.79,454.52,449.72,453.29,975749.0
93,2024-02-07 02:00:00,459.38,461.16,453.63,459.72,1584026.0
94,2024-02-08 02:00:00,431.8,437.34,419.85,436.63,3790226.0
95,2024-02-09 02:00:00,436.93,441.04,431.33,437.89,1863771.0
96,2024-02-12 02:00:00,439.14,439.14,429.18,429.53,1817130.0
97,2024-02-13 02:00:00,421.84,426.26,420.13,422.48,1888894.0
98,2024-02-14 02:00:00,424.45,425.495,417.47,421.21,1621283.0
99,2024-02-15 02:00:00,423.49,426.66,422.08,424.49,1378113.0
100,2024-02-16 02:00:00,422.0,427.51,421.855,423.57,1813379.0
101,2024-02-20 02:00:00,423.16,426.21,420.685,426.01,2424688.0
102,2024-02-21 02:00:00,425.51,429.49,421.38,424.33,979407.0
103,2024-02-22 02:00:00,429.11,437.62,428.48,435.22,1327969.0
104,2024-02-23 02:00:00,436.48,440.32,436.16,438.27,871206.0
105,2024-02-26 02:00:00,436.68,439.295,433.39,433.41,1135434.0
106,2024-02-27 02:00:00,433.25,434.6,426.24,427.84,1493640.0
107,2024-02-28 02:00:00,427.47,431.8069,426.165,429.39,1222171.0
108,2024-02-29 02:00:00,432.51,433.59,428.02,428.38,2070164.0
109,2024-03-01 02:00:00,428.0,432.27,426.985,429.01,1484389.0
110,2024-03-04 02:00:00,428.38,429.51,423.95,425.44,2056801.0
111,2024-03-05 02:00:00,423.81,427.06,421.39,422.31,1456243.0
112,2024-03-06 02:00:00,424.33,426.9,422.3501,426.14,1529777.0
113,2024-03-07 02:00:00,430.73,430.73,426.4,426.67,1189040.0
114,2024-03-08 02:00:00,427.74,430.6,426.87,428.23,1138745.0
115,2024-03-11 01:00:00,427.0,428.69,423.2911,426.68,987389.0
116,2024-03-12 01:00:00,429.32,430.73,426.15,428.61,1005609.0
117,2024-03-13 01:00:00,428.29,430.17,426.68,428.03,750152.0
118,2024-03-14 01:00:00,426.72,428.1,421.06,423.47,1296018.0
119,2024-03-15 01:00:00,420.03,424.52,418.65,422.81,2467009.0
120,2024-03-18 01:00:00,424.07,426.215,421.36,421.75,1023175.0
121,2024-03-19 01:00:00,422.39,424.055,420.74,423.97,1643934.0
122,2024-03-20 01:00:00,424.15,426.06,421.725,426.03,1333131.0
123,2024-03-21 01:00:00,427.35,431.4,426.005,428.55,1248400.0
124,2024-03-22 01:00:00,429.37,431.09,419.01,419.13,1480323.0
125,2024-03-25 01:00:00,417.44,418.835,412.795,418.48,1342495.0
126,2024-03-26 01:00:00,418.94,421.19,417.18,419.49,1331759.0
127,2024-03-27 01:00:00,422.96,423.48,418.67,422.81,1252916.0
128,2024-03-28 01:00:00,424.52,427.16,422.37,425.45,1881566.0
129,2024-04-01 01:00:00,429.09,431.16,426.86,427.09,1682336.0
130,2024-04-02 01:00:00,426.58,427.2,422.6806,426.11,1409100.0
131,2024-04-03 01:00:00,424.93,426.95,424.215,426.46,1027052.0
132,2024-04-04 01:00:00,429.12,437.39,427.22,428.42,1588409.0
133,2024-04-05 01:00:00,428.33,432.11,424.025,431.59,1158022.0
134,2024-04-08 01:00:00,432.02,435.64,431.83,434.11,1049744.0
135,2024-04-09 01:00:00,437.39,438.31,432.29,435.0,739438.0
136,2024-04-10 01:00:00,428.79,430.31,423.32,424.04,954413.0
137,2024-04-11 01:00:00,424.26,425.99,422.04,422.92,1129158.0
138,2024-04-12 01:00:00,419.23,421.94,416.45,417.81,1182229.0
139,2024-04-15 01:00:00,421.83,422.64,408.26,409.56,1054066.0
140,2024-04-16 01:00:00,409.25,413.51,407.75,408.56,1058852.0
141,2024-04-17 01:00:00,411.39,413.94,409.51,412.11,851067.0
142,2024-04-18 01:00:00,414.96,415.78,408.395,413.37,1155181.0
143,2024-04-19 01:00:00,414.69,414.85,409.905,412.56,1138654.0
144,2024-04-22 01:00:00,415.0,417.9,413.04,416.93,1168550.0
145,2024-04-23 01:00:00,417.04,418.185,411.375,413.26,2356251.0
146,2024-04-24 01:00:00,412.13,414.58,408.95,413.28,3357530.0
147,2024-04-25 01:00:00,428.04,429.99,407.69,415.5,2419060.0
148,2024-04-26 01:00:00,416.01,418.855,412.85,415.78,1611466.0
149,2024-04-29 01:00:00,418.0,418.0,414.41,415.31,1667261.0
150,2024-04-30 01:00:00,414.9,417.35,410.48,415.83,2004273.0
151,2024-05-01 01:00:00,413.86,421.05,413.86,416.2,1083082.0
152,2024-05-02 01:00:00,417.54,419.24,408.84,416.96,1222004.0
153,2024-05-03 01:00:00,421.96,425.37,420.52,425.18,1917839.0
154,2024-05-06 01:00:00,427.39,427.77,420.8855,425.76,1316550.0
155,2024-05-07 01:00:00,425.1,428.81,425.1,428.56,795106.0
156,2024-05-08 01:00:00,428.4,430.4,427.465,429.21,748992.0
157,2024-05-09 01:00:00,429.09,432.43,428.68,432.29,1289369.0
158,2024-05-10 01:00:00,433.75,435.26,431.14,431.57,859036.0
159,2024-05-13 01:00:00,432.48,433.58,427.62,428.01,1135347.0
160,2024-05-14 01:00:00,428.01,429.74,420.37,428.03,1692636.0
161,2024-05-15 01:00:00,429.31,435.97,428.13,435.7,1272200.0
162,2024-05-16 01:00:00,435.86,440.86,432.33,438.02,1105952.0
163,2024-05-17 01:00:00,439.68,442.1,437.14,441.88,1236193.0
164,2024-05-20 01:00:00,439.54,441.57,437.0,437.74,1080006.0
165,2024-05-21 01:00:00,437.74,441.23,436.9,439.87,1516040.0
166,2024-05-22 01:00:00,439.84,442.62,438.57,442.3,922680.0
167,2024-05-23 01:00:00,441.13,441.13,434.97,436.28,1142337.0
168,2024-05-24 01:00:00,437.9,439.9,435.01,438.24,661893.0
169,2024-05-28 01:00:00,436.46,437.67,429.0,431.0,1199973.0
170,2024-05-29 01:00:00,426.27,428.39,424.09,424.96,870962.0
171,2024-05-30 01:00:00,424.15,424.79,420.3,421.59,1086288.0
172,2024-05-31 01:00:00,421.98,427.71,419.49,427.51,1849656.0
173,2024-06-03 01:00:00,428.44,432.27,424.82,429.26,1230051.0
174,2024-06-04 01:00:00,428.99,433.4201,427.27,431.84,657559.0
175,2024-06-05 01:00:00,432.72,436.99,427.835,436.29,879872.0
176,2024-06-06 01:00:00,437.38,438.95,434.1,434.66,613128.0
177,2024-06-07 01:00:00,431.67,432.89,428.225,428.74,810159.0
178,2024-06-10 01:00:00,427.66,430.26,425.49,430.0,694665.0
179,2024-06-11 01:00:00,429.91,429.91,427.19,428.81,1148234.0
180,2024-06-12 01:00:00,434.2,441.81,432.11,440.25,1219007.0
181,2024-06-13 01:00:00,440.0,440.67,435.37,437.19,689589.0
182,2024-06-14 01:00:00,434.73,436.0,429.875,434.4,789413.0
183,2024-06-17 01:00:00,432.29,434.82,429.87,433.3,765999.0
184,2024-06-18 01:00:00,434.04,436.21,431.4,435.85,983460.0
185,2024-06-20 01:00:00,436.15,440.33,434.47,438.71,1006596.0
186,2024-06-21 01:00:00,438.68,440.23,436.0,439.22,1367436.0
187,2024-06-24 01:00:00,440.5,446.55,438.34,444.97,958493.0
188,2024-06-25 01:00:00,445.79,449.24,442.77,448.78,999134.0
189,2024-06-26 01:00:00,446.32,449.12,443.56,448.36,1630769.0
190,2024-06-27 01:00:00,450.0,450.975,446.45,448.91,1100954.0
191,2024-06-28 01:00:00,446.6,447.97,442.03,446.0,3028270.0
192,2024-07-01 01:00:00,448.38,451.11,444.09,446.32,1079599.0
193,2024-07-02 01:00:00,446.36,450.77,446.36,450.45,731357.0
194,2024-07-03 01:00:00,449.86,451.64,448.57,449.44,462147.0
195,2024-07-05 01:00:00,451.37,454.05,448.01,453.27,777064.0
196,2024-07-08 01:00:00,454.24,457.06,453.52,455.89,833067.0
197,2024-07-09 01:00:00,458.77,461.38,456.8401,460.3,892307.0
198,2024-07-10 01:00:00,461.35,466.06,458.4,466.0,1233385.0
199,2024-07-11 01:00:00,466.88,473.26,466.88,473.22,1376174.0
200,2024-07-12 01:00:00,474.71,481.17,474.0,478.32,1355550.0
201,2024-07-15 01:00:00,478.9,483.22,477.2,482.55,1083514.0
202,2024-07-16 01:00:00,484.5,488.845,482.74,488.79,1215164.0
203,2024-07-17 01:00:00,488.43,489.96,486.01,489.87,1411248.0
204,2024-07-18 01:00:00,487.89,491.4845,484.15,484.69,1250271.0
205,2024-07-19 01:00:00,485.38,485.54,478.98,479.84,1094592.0
206,2024-07-22 01:00:00,484.93,487.98,481.98,487.32,1094720.0
207,2024-07-23 01:00:00,487.86,498.15,487.1,495.56,1024181.0
208,2024-07-24 01:00:00,494.9,496.575,480.21,481.66,1091192.0
209,2024-07-25 01:00:00,478.04,492.0,476.97,483.33,785691.0
210,2024-07-26 01:00:00,486.7,492.67,484.7,489.82,823325.0
211,2024-07-29 01:00:00,491.48,493.31,488.51,489.83,1122546.0
212,2024-07-30 01:00:00,495.6,502.95,480.65,488.51,1400000.0
213,2024-07-31 01:00:00,491.55,492.7,481.21,484.73,1644687.0
214,2024-08-01 01:00:00,489.91,491.6,486.135,490.53,1049106.0
215,2024-08-02 01:00:00,485.85,489.73,480.12,486.04,1214394.0
216,2024-08-05 01:00:00,477.33,477.885,467.69,471.99,1562642.0
217,2024-08-06 01:00:00,474.98,487.165,473.33,479.48,1473522.0
218,2024-08-07 01:00:00,483.81,490.43,477.42,478.12,1305967.0
219,2024-08-08 01:00:00,478.79,488.155,477.29,487.19,932212.0
220,2024-08-09 01:00:00,488.0,490.2,485.52,488.51,611235.0
221,2024-08-12 01:00:00,488.43,489.99,483.48,484.47,731868.0
222,2024-08-13 01:00:00,488.56,491.16,486.295,489.69,639981.0
223,2024-08-14 01:00:00,489.01,493.445,487.84,492.65,736224.0
224,2024-08-15 01:00:00,494.02,497.47,491.5825,492.93,778515.0
225,2024-08-16 01:00:00,494.0,494.15,489.015,490.87,1012874.0
226,2024-08-19 01:00:00,491.89,495.895,491.89,495.74,972861.0
227,2024-08-20 01:00:00,497.76,499.31,495.99,497.86,2046926.0
228,2024-08-21 01:00:00,497.86,499.29,495.46,498.98,857178.0
229,2024-08-22 01:00:00,498.98,500.72,496.7,498.72,1347711.0
230,2024-08-23 01:00:00,500.48,502.7336,497.8,500.59,679849.0
231,2024-08-26 01:00:00,502.43,505.85,501.23,502.02,850832.0
232,2024-08-27 01:00:00,500.33,506.79,499.63,505.39,1123390.0
233,2024-08-28 01:00:00,505.36,510.29,500.55,505.27,1368284.0
234,2024-08-29 01:00:00,506.42,511.8796,505.01,508.05,1096285.0
235,2024-08-30 01:00:00,509.65,514.0,507.2,513.24,1245375.0
236,2024-09-03 01:00:00,514.98,517.46,506.9859,510.8,1059363.0
237,2024-09-04 01:00:00,510.97,513.95,509.17,513.31,781256.0
238,2024-09-05 01:00:00,514.8,518.59,513.72,517.0,1171677.0
239,2024-09-06 01:00:00,517.09,521.5,510.12,510.64,1037683.0
240,2024-09-09 01:00:00,514.79,519.87,513.55,515.83,937916.0
241,2024-09-10 01:00:00,517.7,520.98,513.66,519.95,972239.0
242,2024-09-11 01:00:00,516.95,517.71,504.5,515.81,1176131.0
243,2024-09-12 01:00:00,514.13,521.005,512.59,520.01,889675.0
244,2024-09-13 01:00:00,522.0,524.14,518.07,519.45,1148777.0
245,2024-09-16 01:00:00,521.86,528.02,520.62,527.38,1015789.0
246,2024-09-17 01:00:00,525.1,525.825,517.58,522.38,1124036.0
247,2024-09-18 01:00:00,520.64,525.27,516.02,519.52,951103.0
248,2024-09-19 01:00:00,525.0,526.8,522.081,524.22,936381.0
249,2024-09-20 01:00:00,523.39,525.23,520.0,523.67,1814714.0
250,2024-09-23 01:00:00,520.02,527.84,518.12,521.08,960811.0
251,2024-09-24 01:00:00,517.28,519.505,513.01,518.11,1070887.0
252,2024-09-25 01:00:00,519.51,522.06,513.16,514.82,931132.0
253,2024-09-26 01:00:00,513.24,515.93,509.26,511.7,1209354.0
254,2024-09-27 01:00:00,511.6,516.6811,511.19,512.72,806724.0
255,2024-09-30 01:00:00,512.06,517.465,510.31,516.62,1000065.0
256,2024-10-01 01:00:00,518.64,518.87,511.45,512.22,978395.0
257,2024-10-02 01:00:00,514.07,516.65,511.05,514.71,962333.0
258,2024-10-03 01:00:00,514.57,516.98,513.43,514.6,753947.0
259,2024-10-04 01:00:00,513.58,516.14,508.3501,512.17,683778.0
260,2024-10-07 01:00:00,512.55,513.56,505.14,506.42,816052.0
261,2024-10-08 01:00:00,511.32,519.56,510.46,518.35,1005353.0
262,2024-10-09 01:00:00,519.0,524.35,518.56,521.47,819229.0
263,2024-10-10 01:00:00,519.95,521.49,513.95,515.12,719164.0
264,2024-10-11 01:00:00,517.52,522.72,516.67,522.01,662119.0
265,2024-10-14 01:00:00,522.56,528.535,522.56,527.52,639248.0
266,2024-10-15 01:00:00,530.0,533.29,527.83,528.45,1298371.0
267,2024-10-16 01:00:00,524.86,529.61,522.01,529.0,628964.0
268,2024-10-17 01:00:00,531.74,532.0,515.21,518.96,1447631.0
269,2024-10-18 01:00:00,523.91,525.58,520.88,524.8,1831979.0
270,2024-10-21 01:00:00,521.17,524.75,518.69,523.19,808176.0
271,2024-10-22 01:00:00,519.06,519.375,510.63,513.52,1316361.0
272,2024-10-23 01:00:00,513.5,514.55,509.595,510.92,1023251.0
273,2024-10-24 01:00:00,499.0,504.42,492.04,493.21,1761343.0
274,2024-10-25 01:00:00,497.59,498.93,488.64,490.61,984517.0
275,2024-10-28 01:00:00,493.85,494.93,486.31,487.24,1303620.0
276,2024-10-29 01:00:00,487.69,489.82,486.03,486.75,1615523.0
277,2024-10-30 01:00:00,487.63,490.585,484.75,485.94,1109398.0
278,2024-10-31 01:00:00,484.87,485.88,480.03,480.36,1326736.0
279,2024-11-01 01:00:00,481.87,487.23,480.88,483.31,940345.0
280,2024-11-04 02:00:00,483.93,486.7493,482.9202,485.77,1908729.0
281,2024-11-05 02:00:00,485.97,489.82,484.84,489.71,1879497.0
282,2024-11-06 02:00:00,503.62,503.62,477.29,489.99,2389611.0
283,2024-11-07 02:00:00,494.72,498.32,492.31,497.1,1314775.0
284,2024-11-08 02:00:00,497.24,507.49,497.24,502.82,1343093.0
285,2024-11-11 02:00:00,500.49,509.96,500.01,507.26,1125668.0
286,2024-11-12 02:00:00,506.95,508.05,503.21,503.47,1035111.0
287,2024-11-13 02:00:00,503.85,515.7967,503.535,510.29,1098395.0
288,2024-11-14 02:00:00,514.3,515.7336,510.289,510.64,794242.0
289,2024-11-15 02:00:00,506.15,510.79,502.06,503.29,1187616.0
290,2024-11-18 02:00:00,501.63,504.73,499.15,503.0,1449874.0
291,2024-11-19 02:00:00,502.73,505.88,499.8,502.31,1403007.0
292,2024-11-20 02:00:00,503.6,507.47,496.13,503.13,1258413.0
293,2024-11-21 02:00:00,508.01,513.56,504.32,511.37,1159515.0
294,2024-11-22 02:00:00,510.0,517.42,510.0,514.46,1230025.0
295,2024-11-25 02:00:00,516.76,520.83,514.81,520.51,1890273.0
296,2024-11-26 02:00:00,521.57,524.0,515.97,521.96,948065.0
297,2024-11-27 02:00:00,523.0,526.8199,519.5301,522.86,1391858.0
298,2024-11-29 02:00:00,523.55,526.75,521.41,522.51,842466.0
299,2024-12-02 02:00:00,522.42,524.29,518.28,522.87,1460402.0
300,2024-12-03 02:00:00,523.48,524.9699,517.73,518.19,1253000.0
301,2024-12-04 02:00:00,519.26,527.89,519.26,520.26,1295855.0
302,2024-12-05 02:00:00,519.38,519.38,511.8,513.89,991987.0
303,2024-12-06 02:00:00,514.25,520.58,513.13,516.77,914277.0
304,2024-12-09 02:00:00,514.06,517.9399,509.38,513.35,1205848.0
305,2024-12-10 02:00:00,513.63,514.5,509.405,512.15,1369574.0
306,2024-12-11 02:00:00,512.05,519.85,509.76,516.27,882239.0
307,2024-12-12 02:00:00,516.66,518.64,512.82,512.87,838807.0
308,2024-12-13 02:00:00,513.74,515.25,504.27,505.75,1191823.0
309,2024-12-16 02:00:00,506.52,510.0,502.19,502.86,1402391.0
310,2024-12-17 02:00:00,502.05,502.05,497.39,500.51,1456580.0
311,2024-12-18 02:00:00,500.15,506.0872,489.69,490.13,1440015.0
312,2024-12-19 02:00:00,492.94,495.5,485.72,486.56,1684068.0
313,2024-12-20 02:00:00,485.0,494.8203,483.92,491.81,2543587.0
314,2024-12-23 02:00:00,490.02,498.9,488.525,498.25,1622329.0
315,2024-12-24 02:00:00,499.79,504.75,498.22,504.75,432247.0
316,2024-12-26 02:00:00,502.07,506.03,499.99,504.78,563168.0
317,2024-12-27 02:00:00,501.91,506.56,499.4634,501.8,671869.0
318,2024-12-30 02:00:00,498.52,500.45,494.0,498.02,794300.0
319,2024-12-31 02:00:00,498.73,500.9275,495.705,498.03,705671.0
320,2025-01-02 02:00:00,499.85,503.27,493.24,495.5,1541901.0
321,2025-01-03 02:00:00,498.4,502.83,495.77,499.57,1386630.0
322,2025-01-06 02:00:00,501.2,501.2,492.63,494.19,879278.0
323,2025-01-07 02:00:00,493.43,497.01,488.47,491.35,1544886.0
324,2025-01-08 02:00:00,488.12,496.13,487.2701,495.86,1250875.0
325,2025-01-10 02:00:00,489.12,491.35,481.25,482.72,1189377.0
326,2025-01-13 02:00:00,479.95,483.2,478.6,482.59,1461798.0
327,2025-01-14 02:00:00,484.82,486.99,482.43,484.47,1548708.0
328,2025-01-15 02:00:00,490.61,498.02,487.805,496.52,1972676.0
329,2025-01-16 02:00:00,499.77,506.11,496.9442,505.16,1215783.0
330,2025-01-17 02:00:00,503.05,507.1415,501.03,501.86,1784936.0
331,2025-01-21 02:00:00,505.62,510.17,504.28,510.05,1295915.0
332,2025-01-22 02:00:00,510.11,511.06,506.38,510.96,940729.0
333,2025-01-23 02:00:00,509.24,513.8,505.99,513.54,911093.0
334,2025-01-24 02:00:00,513.43,517.76,510.3,513.75,950367.0
335,2025-01-27 02:00:00,511.17,522.095,507.58,520.75,994677.0
336,2025-01-28 02:00:00,520.43,525.34,516.23,520.45,1010280.0
337,2025-01-29 02:00:00,519.15,522.132226,515.45,517.22,947566.0
338,2025-01-30 02:00:00,521.54,526.94,519.6,523.54,771435.0
339,2025-01-31 02:00:00,524.21,528.0,520.21,521.41,1256789.0
340,2025-02-03 02:00:00,517.91,519.4,511.32,518.38,1839021.0
341,2025-02-04 02:00:00,512.84,518.45,512.215,513.69,1232709.0
342,2025-02-05 02:00:00,516.08,517.29,510.4,514.27,1420885.0
343,2025-02-06 02:00:00,515.69,521.355,515.69,519.06,1440112.0
344,2025-02-07 02:00:00,518.6,521.63,516.52,519.15,1396885.0
345,2025-02-10 02:00:00,518.0,520.62,513.5,515.3,1695958.0
346,2025-02-11 02:00:00,540.0,542.0,526.22,540.51,2259055.0
347,2025-02-12 02:00:00,535.87,537.0,526.985,531.51,1492051.0
348,2025-02-13 02:00:00,536.74,542.77,534.22,542.32,1490239.0
349,2025-02-14 02:00:00,544.23,545.39,538.89,539.69,973674.0
350,2025-02-18 02:00:00,543.39,544.33,537.15,543.77,1745083.0
351,2025-02-19 02:00:00,542.28,543.5049,539.5119,542.7,1745160.0
352,2025-02-20 02:00:00,540.86,542.135,532.905,535.43,1308878.0
353,2025-02-21 02:00:00,535.05,536.14,531.55,533.4,1335219.0
354,2025-02-24 02:00:00,533.21,536.42,531.415,533.22,1325226.0
355,2025-02-25 02:00:00,534.91,536.1,529.5,533.38,1042199.0
356,2025-02-26 02:00:00,532.41,535.2,528.545,529.24,703974.0
357,2025-02-27 02:00:00,530.41,534.4,522.83,525.36,1036213.0
358,2025-02-28 02:00:00,530.19,534.19,525.24,533.74,1639036.0
359,2025-03-03 02:00:00,533.74,537.55,527.29,529.31,1834255.0
360,2025-03-04 02:00:00,527.07,529.018,514.75,516.81,1404514.0
361,2025-03-05 02:00:00,517.01,526.78,515.075,522.9,1645633.0
362,2025-03-06 02:00:00,517.0,521.458,509.1972,514.21,1470192.0
363,2025-03-07 02:00:00,509.76,512.47,487.56,497.0,1911539.0
364,2025-03-10 01:00:00,489.47,495.26,483.68,488.39,1829287.0
365,2025-03-11 01:00:00,490.0,490.94,479.49,480.0,1859323.0
366,2025-03-12 01:00:00,483.71,487.22,474.04,478.26,1677766.0
367,2025-03-13 01:00:00,478.23,481.79,475.108,479.85,1760762.0
368,2025-03-14 01:00:00,481.95,486.96,478.5803,486.49,1427809.0
369,2025-03-17 01:00:00,487.58,496.24,485.45,494.27,1168366.0
370,2025-03-18 01:00:00,493.21,496.6,484.78,490.39,1469851.0
371,2025-03-19 01:00:00,490.6,497.7,490.1275,495.22,1224199.0
372,2025-03-20 01:00:00,495.02,499.29,493.17,497.2,1342083.0
373,2025-03-21 01:00:00,494.12,498.04,492.15,497.88,2603919.0
374,2025-03-24 01:00:00,503.11,507.69,501.1,503.94,1560708.0
375,2025-03-25 01:00:00,508.31,514.36,506.0,513.16,1351305.0
376,2025-03-26 01:00:00,512.4,514.67,505.16,507.8,1053914.0
377,2025-03-27 01:00:00,507.43,511.66,504.89,508.64,821206.0
378,2025-03-28 01:00:00,507.77,510.94,501.805,502.51,1140717.0
379,2025-03-31 01:00:00,501.59,510.575,497.9,508.1,1420637.0
380,2025-04-01 01:00:00,504.07,512.44,503.03,510.78,980730.0
381,2025-04-02 01:00:00,505.76,514.91,505.255,513.98,864036.0
382,2025-04-03 01:00:00,498.125,507.97,488.57,489.38,1517169.0
383,2025-04-04 01:00:00,477.275,479.0,450.72,451.5,1961594.0
384,2025-04-07 01:00:00,442.84,460.82,427.14,438.31,3184895.0
385,2025-04-08 01:00:00,462.9,470.385,434.74,441.5,2265937.0
386,2025-04-09 01:00:00,435.0,475.94,428.0,473.99,2733391.0
387,2025-04-10 01:00:00,471.06,471.06,447.48,457.76,1685316.0
388,2025-04-11 01:00:00,456.03,466.8999,450.78,465.14,1045276.0
389,2025-04-14 01:00:00,472.18,475.0,468.46,471.59,825361.0
390,2025-04-15 01:00:00,472.54,475.8145,470.0301,470.71,1086183.0
391,2025-04-16 01:00:00,469.2,471.945,460.0,463.98,831043.0
392,2025-04-17 01:00:00,466.16,467.54,461.031,462.88,913064.0
393,2025-04-21 01:00:00,460.0,460.22,444.06,448.99,1639998.0
394,2025-04-22 01:00:00,450.74,466.98,450.28,466.42,1240275.0
395,2025-04-23 01:00:00,475.5,484.27,467.295,470.23,1232157.0
396,2025-04-24 01:00:00,472.74,482.04,470.72,481.26,1228323.0
397,2025-04-25 01:00:00,480.76,482.19,476.135,480.0,979068.0
398,2025-04-28 01:00:00,480.0,484.026,473.715,479.37,1531262.0
399,2025-04-29 01:00:00,486.44,495.78,482.655,491.76,1886334.0
400,2025-04-30 01:00:00,488.9,502.4,483.13,500.05,2427219.0
401,2025-05-01 01:00:00,498.9,506.28,497.34,498.93,1583148.0
402,2025-05-02 01:00:00,503.52,509.79,502.86,506.62,892290.0
403,2025-05-05 01:00:00,504.68,512.0,502.29,505.9,993883.0
404,2025-05-06 01:00:00,500.95,506.0,500.065,501.81,775305.0
405,2025-05-07 01:00:00,502.24,507.58,500.5,505.71,1064553.0
406,2025-05-08 01:00:00,507.73,514.78,507.23,507.61,870243.0
407,2025-05-09 01:00:00,507.89,509.42,505.63,507.73,941829.0
408,2025-05-12 01:00:00,516.01,519.0,510.963,518.36,909487.0
409,2025-05-13 01:00:00,518.36,522.56,515.45,515.57,1215652.0
410,2025-05-14 01:00:00,517.0,517.24,510.71,511.94,1607825.0
411,2025-05-15 01:00:00,512.46,520.2,510.0,519.28,1232325.0
412,2025-05-16 01:00:00,521.47,522.85,518.17,522.46,1022322.0
413,2025-05-19 01:00:00,517.21,526.52,517.21,524.28,725690.0
414,2025-05-20 01:00:00,520.39,523.435,518.885,522.94,1279300.0
415,2025-05-21 01:00:00,519.92,521.42,509.55,510.27,1501455.0
416,2025-05-22 01:00:00,507.47,514.17,507.025,511.32,899852.0
417,2025-05-23 01:00:00,507.11,512.74,506.65,510.02,1293986.0
418,2025-05-27 01:00:00,515.12,518.27,512.575,516.7,875301.0
419,2025-05-28 01:00:00,514.65,516.25,510.65,511.48,878241.0
420,2025-05-29 01:00:00,513.03,515.16,509.46,514.1,650127.0
421,2025-05-30 01:00:00,514.1,514.74,508.46,512.86,2142186.0
422,2025-06-02 01:00:00,509.43,513.74,501.96,513.59,916086.0
423,2025-06-03 01:00:00,513.88,513.88,506.73,512.3,1397646.0
424,2025-06-04 01:00:00,513.35,517.23,511.61,513.94,712327.0
425,2025-06-05 01:00:00,516.96,517.46,513.17,515.76,838237.0
426,2025-06-06 01:00:00,518.33,521.93,515.5,519.36,624296.0
427,2025-06-09 01:00:00,518.29,519.16,510.39,515.0,743812.0
428,2025-06-10 01:00:00,516.05,516.79,511.27,513.92,855096.0
429,2025-06-11 01:00:00,513.1,519.241801,511.7,513.98,949691.0
430,2025-06-12 01:00:00,510.46,510.46,497.17,505.87,1321465.0
431,2025-06-13 01:00:00,500.96,504.5987,498.69,501.49,1343058.0
432,2025-06-16 01:00:00,505.0,510.36,503.31,505.0,1011775.0
433,2025-06-17 01:00:00,502.07,504.99,499.54,501.07,1197097.0
434,2025-06-18 01:00:00,500.66,506.595,500.51,502.63,1103982.0
435,2025-06-20 01:00:00,504.53,510.65,500.96,504.2,2079800.0
436,2025-06-23 01:00:00,505.8,515.62,505.0,514.58,2134794.0
437,2025-06-24 01:00:00,518.03,524.43,515.8,522.97,1023756.0
438,2025-06-25 01:00:00,520.95,521.41,517.57,521.29,1059922.0
439,2025-06-26 01:00:00,521.45,522.29,514.71,515.02,1301263.0
440,2025-06-27 01:00:00,517.21,520.0,513.6301,517.71,2251712.0
441,2025-06-30 01:00:00,517.6,528.16,516.64,527.29,1496367.0
442,2025-07-01 01:00:00,525.17,530.08,522.9901,529.32,1193848.0
443,2025-07-02 01:00:00,527.52,528.38,522.726,525.64,917686.0
444,2025-07-03 01:00:00,528.18,529.61,525.5,529.61,578304.0
445,2025-07-07 01:00:00,530.56,532.53,526.72,530.18,872604.0
446,2025-07-08 01:00:00,529.99,531.22,524.595,526.39,891078.0
447,2025-07-09 01:00:00,523.52,529.8699,521.75,528.73,736809.0
448,2025-07-10 01:00:00,528.15,533.39,525.77,529.83,703346.0
449,2025-07-11 01:00:00,526.55,528.91,525.0,527.07,816685.0
450,2025-07-14 01:00:00,525.59,531.69,525.06,530.12,685810.0
451,2025-07-15 01:00:00,530.03,530.75,522.21,522.28,792095.0
452,2025-07-16 01:00:00,523.88,525.085,517.29,524.36,825043.0
453,2025-07-17 01:00:00,523.12,527.88,522.69,525.36,867081.0
454,2025-07-18 01:00:00,525.69,528.66,521.48,524.38,1333210.0
455,2025-07-21 01:00:00,526.21,529.81,521.94,522.12,969064.0
456,2025-07-22 01:00:00,522.12,523.405,514.61,517.81,1128605.0
457,2025-07-23 01:00:00,517.15,526.825,516.05,525.66,1118864.0
458,2025-07-24 01:00:00,526.04,534.25,525.5,530.85,1024049.0
459,2025-07-25 01:00:00,529.5,537.0,529.5,534.95,788283.0
460,2025-07-28 01:00:00,533.33,535.38,530.02,530.41,877919.0
461,2025-07-29 01:00:00,533.63,535.69,530.13,530.79,1145652.0
462,2025-07-30 01:00:00,530.67,535.085,527.63,529.33,1263832.0
463,2025-07-31 01:00:00,535.13,558.86,532.38,551.1,2494723.0
464,2025-08-01 01:00:00,545.01,549.53,540.315,545.66,1885540.0
465,2025-08-04 01:00:00,549.19,563.02,547.855,563.02,1714273.0
466,2025-08-05 01:00:00,564.87,566.13,557.3,563.02,1462878.0
467,2025-08-06 01:00:00,562.22,564.59,552.51,562.56,1346914.0
468,2025-08-07 01:00:00,566.0,566.42,556.3,559.13,1084946.0
469,2025-08-08 01:00:00,561.12,563.0,555.7,556.87,821335.0
470,2025-08-11 01:00:00,557.64,559.6999,555.415,555.88,1095382.0
471,2025-08-12 01:00:00,556.72,561.27,554.2,559.06,702169.0
472,2025-08-13 01:00:00,562.85,566.56,560.67,562.58,1047465.0
473,2025-08-14 01:00:00,564.13,579.05,559.85,564.15,1019082.0
474,2025-08-15 01:00:00,564.0,565.28,555.7,556.47,962732.0
475,2025-08-18 01:00:00,554.75,556.8,549.33,551.21,947942.0
476,2025-08-19 01:00:00,551.48,559.56,551.48,554.43,1299854.0
477,2025-08-20 01:00:00,555.5,559.6,552.45,557.03,1553498.0
478,2025-08-21 01:00:00,553.36,556.62,551.0,552.44,981160.0
479,2025-08-22 01:00:00,554.82,559.44,553.78,556.66,1060181.0
480,2025-08-25 01:00:00,556.32,557.06,549.88,551.69,1112142.0
481,2025-08-26 01:00:00,548.8,552.64,546.28,552.32,1553944.0
482,2025-08-27 01:00:00,550.69,554.56,549.66,549.87,1000000.0
483,2025-08-28 01:00:00,549.26,550.995,546.26,547.55,1033469.0
484,2025-08-29 01:00:00,546.98,550.355,546.335,548.44,886940.0
485,2025-09-02 01:00:00,543.63,544.47,537.45,539.64,1069923.0
486,2025-09-03 01:00:00,538.11,542.29,535.83,539.24,864006.0
487,2025-09-04 01:00:00,541.98,543.73,538.37,540.26,999148.0
488,2025-09-05 01:00:00,542.87,543.19,532.52,538.06,920349.0
489,2025-09-08 01:00:00,537.77,547.09,534.8,545.87,1057914.0
490,2025-09-09 01:00:00,544.23,548.93,543.28,547.71,633230.0
491,2025-09-10 01:00:00,547.42,549.0674,539.0001,539.89,910625.0
492,2025-09-11 01:00:00,541.03,552.17,540.0,550.88,1015965.0
493,2025-09-12 01:00:00,547.91,550.34,543.0,544.23,1008404.0
494,2025-09-15 01:00:00,545.68,547.89,543.23,543.99,963797.0
495,2025-09-16 01:00:00,540.0,542.4639,536.95,541.29,1164086.0
496,2025-09-17 01:00:00,544.16,547.45,540.505,544.1,875684.0
497,2025-09-18 01:00:00,542.76,543.595,503.1,507.8,3236630.0
498,2025-09-19 01:00:00,507.8,510.0,502.575,507.16,4147613.0
499,2025-09-22 01:00:00,508.34,514.135,505.47,505.57,1754586.0
500,2025-09-23 01:00:00,505.6,507.0,493.06,496.76,2249639.0
